[
    {
        "x": "0",
        "y": "35.7"
    },
    {
        "x": "1",
        "y": "36.4"
    },
    {
        "x": "2",
        "y": "37"
    },
    {
        "x": "3",
        "y": "37.7"
    },
    {
        "x": "4",
        "y": "38.3"
    },
    {
        "x": "5",
        "y": "38.8"
    },
    {
        "x": "6",
        "y": "39.2"
    },
    {
        "x": "7",
        "y": "39.7"
    },
    {
        "x": "8",
        "y": "40"
    },
    {
        "x": "9",
        "y": "40.4"
    },
    {
        "x": "10",
        "y": "40.8"
    },
    {
        "x": "11",
        "y": "41.1"
    },
    {
        "x": "12",
        "y": "41.4"
    },
    {
        "x": "13",
        "y": "41.7"
    }
]