[
    {
        "x": "0",
        "y": "34.5"
    },
    {
        "x": "1",
        "y": "35.2"
    },
    {
        "x": "2",
        "y": "35.9"
    },
    {
        "x": "3",
        "y": "36.5"
    },
    {
        "x": "4",
        "y": "37.1"
    },
    {
        "x": "5",
        "y": "37.6"
    },
    {
        "x": "6",
        "y": "38.1"
    },
    {
        "x": "7",
        "y": "38.5"
    },
    {
        "x": "8",
        "y": "38.9"
    },
    {
        "x": "9",
        "y": "39.2"
    },
    {
        "x": "10",
        "y": "39.6"
    },
    {
        "x": "11",
        "y": "39.9"
    },
    {
        "x": "12",
        "y": "40.2"
    },
    {
        "x": "13",
        "y": "40.5"
    }
]