[
    {
        "x": "0",
        "y": "37"
    },
    {
        "x": "1",
        "y": "37.6"
    },
    {
        "x": "2",
        "y": "38.2"
    },
    {
        "x": "3",
        "y": "38.9"
    },
    {
        "x": "4",
        "y": "39.4"
    },
    {
        "x": "5",
        "y": "39.9"
    },
    {
        "x": "6",
        "y": "40.4"
    },
    {
        "x": "7",
        "y": "40.8"
    },
    {
        "x": "8",
        "y": "41.2"
    },
    {
        "x": "9",
        "y": "41.6"
    },
    {
        "x": "10",
        "y": "41.9"
    },
    {
        "x": "11",
        "y": "42.3"
    },
    {
        "x": "12",
        "y": "42.6"
    },
    {
        "x": "13",
        "y": "42.9"
    }
]