[
    {
        "x": "0",
        "y": "33.2"
    },
    {
        "x": "1",
        "y": "33.9"
    },
    {
        "x": "2",
        "y": "34.7"
    },
    {
        "x": "3",
        "y": "35.4"
    },
    {
        "x": "4",
        "y": "35.9"
    },
    {
        "x": "5",
        "y": "36.4"
    },
    {
        "x": "6",
        "y": "36.9"
    },
    {
        "x": "7",
        "y": "37.3"
    },
    {
        "x": "8",
        "y": "37.7"
    },
    {
        "x": "9",
        "y": "38.1"
    },
    {
        "x": "10",
        "y": "38.4"
    },
    {
        "x": "11",
        "y": "38.7"
    },
    {
        "x": "12",
        "y": "39"
    },
    {
        "x": "13",
        "y": "39.3"
    }
]