[
    {
        "x": "0",
        "y": "38.3"
    },
    {
        "x": "1",
        "y": "38.8"
    },
    {
        "x": "2",
        "y": "39.4"
    },
    {
        "x": "3",
        "y": "40"
    },
    {
        "x": "4",
        "y": "40.6"
    },
    {
        "x": "5",
        "y": "41.1"
    },
    {
        "x": "6",
        "y": "41.6"
    },
    {
        "x": "7",
        "y": "42"
    },
    {
        "x": "8",
        "y": "42.4"
    },
    {
        "x": "9",
        "y": "42.8"
    },
    {
        "x": "10",
        "y": "43.1"
    },
    {
        "x": "11",
        "y": "43.4"
    },
    {
        "x": "12",
        "y": "43.7"
    },
    {
        "x": "13",
        "y": "44"
    }
]