[
    {
        "x": "0",
        "y": "31.9"
    },
    {
        "x": "1",
        "y": "32.7"
    },
    {
        "x": "2",
        "y": "33.5"
    },
    {
        "x": "3",
        "y": "34.2"
    },
    {
        "x": "4",
        "y": "34.8"
    },
    {
        "x": "5",
        "y": "35.3"
    },
    {
        "x": "6",
        "y": "35.7"
    },
    {
        "x": "7",
        "y": "36.1"
    },
    {
        "x": "8",
        "y": "36.5"
    },
    {
        "x": "9",
        "y": "36.9"
    },
    {
        "x": "10",
        "y": "37.2"
    },
    {
        "x": "11",
        "y": "37.5"
    },
    {
        "x": "12",
        "y": "37.9"
    },
    {
        "x": "13",
        "y": "38.1"
    }
]