[
    {
        "x": "0",
        "y": "30.7"
    },
    {
        "x": "1",
        "y": "31.5"
    },
    {
        "x": "2",
        "y": "32.4"
    },
    {
        "x": "3",
        "y": "33"
    },
    {
        "x": "4",
        "y": "33.6"
    },
    {
        "x": "5",
        "y": "34.1"
    },
    {
        "x": "6",
        "y": "34.6"
    },
    {
        "x": "7",
        "y": "35"
    },
    {
        "x": "8",
        "y": "35.4"
    },
    {
        "x": "9",
        "y": "35.7"
    },
    {
        "x": "10",
        "y": "36.1"
    },
    {
        "x": "11",
        "y": "36.4"
    },
    {
        "x": "12",
        "y": "36.7"
    },
    {
        "x": "13",
        "y": "37"
    }
]