[
    {
        "x": "0",
        "y": "37.4"
    },
    {
        "x": "1",
        "y": "38.1"
    },
    {
        "x": "2",
        "y": "38.7"
    },
    {
        "x": "3",
        "y": "39.3"
    },
    {
        "x": "4",
        "y": "39.9"
    },
    {
        "x": "5",
        "y": "40.4"
    },
    {
        "x": "6",
        "y": "40.8"
    },
    {
        "x": "7",
        "y": "41.3"
    },
    {
        "x": "8",
        "y": "41.6"
    },
    {
        "x": "9",
        "y": "42"
    },
    {
        "x": "10",
        "y": "42.3"
    },
    {
        "x": "11",
        "y": "42.7"
    },
    {
        "x": "12",
        "y": "43"
    },
    {
        "x": "13",
        "y": "43.2"
    }
]