[
    {
        "x": "0",
        "y": "30.3"
    },
    {
        "x": "1",
        "y": "31.1"
    },
    {
        "x": "2",
        "y": "31.8"
    },
    {
        "x": "3",
        "y": "32.4"
    },
    {
        "x": "4",
        "y": "32.9"
    },
    {
        "x": "5",
        "y": "33.3"
    },
    {
        "x": "6",
        "y": "33.7"
    },
    {
        "x": "7",
        "y": "34.1"
    },
    {
        "x": "8",
        "y": "34.4"
    },
    {
        "x": "9",
        "y": "34.7"
    },
    {
        "x": "10",
        "y": "35"
    },
    {
        "x": "11",
        "y": "35.3"
    },
    {
        "x": "12",
        "y": "35.5"
    },
    {
        "x": "13",
        "y": "35.8"
    }
]