[
    {
        "x": "0",
        "y": "32.7"
    },
    {
        "x": "1",
        "y": "33.4"
    },
    {
        "x": "2",
        "y": "34.1"
    },
    {
        "x": "3",
        "y": "34.7"
    },
    {
        "x": "4",
        "y": "35.2"
    },
    {
        "x": "5",
        "y": "35.7"
    },
    {
        "x": "6",
        "y": "36.1"
    },
    {
        "x": "7",
        "y": "36.5"
    },
    {
        "x": "8",
        "y": "36.8"
    },
    {
        "x": "9",
        "y": "37.1"
    },
    {
        "x": "10",
        "y": "37.4"
    },
    {
        "x": "11",
        "y": "37.7"
    },
    {
        "x": "12",
        "y": "38"
    },
    {
        "x": "13",
        "y": "38.3"
    }
]