[
    {
        "x": "0",
        "y": "35.1"
    },
    {
        "x": "1",
        "y": "35.7"
    },
    {
        "x": "2",
        "y": "36.4"
    },
    {
        "x": "3",
        "y": "37"
    },
    {
        "x": "4",
        "y": "37.5"
    },
    {
        "x": "5",
        "y": "38"
    },
    {
        "x": "6",
        "y": "38.5"
    },
    {
        "x": "7",
        "y": "38.9"
    },
    {
        "x": "8",
        "y": "39.2"
    },
    {
        "x": "9",
        "y": "39.6"
    },
    {
        "x": "10",
        "y": "39.9"
    },
    {
        "x": "11",
        "y": "40.2"
    },
    {
        "x": "12",
        "y": "40.5"
    },
    {
        "x": "13",
        "y": "40.8"
    }
]