[
    {
        "x": "0",
        "y": "36.2"
    },
    {
        "x": "1",
        "y": "36.9"
    },
    {
        "x": "2",
        "y": "37.5"
    },
    {
        "x": "3",
        "y": "38.2"
    },
    {
        "x": "4",
        "y": "38.7"
    },
    {
        "x": "5",
        "y": "39.2"
    },
    {
        "x": "6",
        "y": "39.6"
    },
    {
        "x": "7",
        "y": "40.1"
    },
    {
        "x": "8",
        "y": "40.4"
    },
    {
        "x": "9",
        "y": "40.8"
    },
    {
        "x": "10",
        "y": "41.1"
    },
    {
        "x": "11",
        "y": "41.4"
    },
    {
        "x": "12",
        "y": "41.7"
    },
    {
        "x": "13",
        "y": "42"
    }
]