[
    {
        "x": "0",
        "y": "31.5"
    },
    {
        "x": "1",
        "y": "32.2"
    },
    {
        "x": "2",
        "y": "32.9"
    },
    {
        "x": "3",
        "y": "33.5"
    },
    {
        "x": "4",
        "y": "34"
    },
    {
        "x": "5",
        "y": "34.5"
    },
    {
        "x": "6",
        "y": "34.9"
    },
    {
        "x": "7",
        "y": "35.3"
    },
    {
        "x": "8",
        "y": "35.6"
    },
    {
        "x": "9",
        "y": "35.9"
    },
    {
        "x": "10",
        "y": "36.2"
    },
    {
        "x": "11",
        "y": "36.5"
    },
    {
        "x": "12",
        "y": "36.8"
    },
    {
        "x": "13",
        "y": "37"
    }
]