[
    {
        "x": "45",
        "y": "2.7"
    },
    {
        "x": "45.5",
        "y": "2.8"
    },
    {
        "x": "46",
        "y": "2.9"
    },
    {
        "x": "46.5",
        "y": "3"
    },
    {
        "x": "47",
        "y": "3.1"
    },
    {
        "x": "47.5",
        "y": "3.2"
    },
    {
        "x": "48",
        "y": "3.3"
    },
    {
        "x": "48.5",
        "y": "3.4"
    },
    {
        "x": "49",
        "y": "3.5"
    },
    {
        "x": "49.5",
        "y": "3.6"
    },
    {
        "x": "50",
        "y": "3.7"
    },
    {
        "x": "50.5",
        "y": "3.8"
    },
    {
        "x": "51",
        "y": "3.9"
    },
    {
        "x": "51.5",
        "y": "4"
    },
    {
        "x": "52",
        "y": "4.2"
    },
    {
        "x": "52.5",
        "y": "4.3"
    },
    {
        "x": "53",
        "y": "4.4"
    },
    {
        "x": "53.5",
        "y": "4.6"
    },
    {
        "x": "54",
        "y": "4.7"
    },
    {
        "x": "54.5",
        "y": "4.8"
    },
    {
        "x": "55",
        "y": "5"
    },
    {
        "x": "55.5",
        "y": "5.1"
    },
    {
        "x": "56",
        "y": "5.3"
    },
    {
        "x": "56.5",
        "y": "5.4"
    },
    {
        "x": "57",
        "y": "5.6"
    },
    {
        "x": "57.5",
        "y": "5.7"
    },
    {
        "x": "58",
        "y": "5.9"
    },
    {
        "x": "58.5",
        "y": "6"
    },
    {
        "x": "59",
        "y": "6.2"
    },
    {
        "x": "59.5",
        "y": "6.3"
    },
    {
        "x": "60",
        "y": "6.4"
    },
    {
        "x": "60.5",
        "y": "6.6"
    },
    {
        "x": "61",
        "y": "6.7"
    },
    {
        "x": "61.5",
        "y": "6.9"
    },
    {
        "x": "62",
        "y": "7"
    },
    {
        "x": "62.5",
        "y": "7.1"
    },
    {
        "x": "63",
        "y": "7.3"
    },
    {
        "x": "63.5",
        "y": "7.4"
    },
    {
        "x": "64",
        "y": "7.5"
    },
    {
        "x": "64.5",
        "y": "7.6"
    },
    {
        "x": "65",
        "y": "7.8"
    },
    {
        "x": "65.5",
        "y": "7.9"
    },
    {
        "x": "66",
        "y": "8"
    },
    {
        "x": "66.5",
        "y": "8.1"
    },
    {
        "x": "67",
        "y": "8.3"
    },
    {
        "x": "67.5",
        "y": "8.4"
    },
    {
        "x": "68",
        "y": "8.5"
    },
    {
        "x": "68.5",
        "y": "8.6"
    },
    {
        "x": "69",
        "y": "8.7"
    },
    {
        "x": "69.5",
        "y": "8.8"
    },
    {
        "x": "70",
        "y": "9"
    },
    {
        "x": "70.5",
        "y": "9.1"
    },
    {
        "x": "71",
        "y": "9.2"
    },
    {
        "x": "71.5",
        "y": "9.3"
    },
    {
        "x": "72",
        "y": "9.4"
    },
    {
        "x": "72.5",
        "y": "9.5"
    },
    {
        "x": "73",
        "y": "9.6"
    },
    {
        "x": "73.5",
        "y": "9.7"
    },
    {
        "x": "74",
        "y": "9.8"
    },
    {
        "x": "74.5",
        "y": "9.9"
    },
    {
        "x": "75",
        "y": "10"
    },
    {
        "x": "75.5",
        "y": "10.1"
    },
    {
        "x": "76",
        "y": "10.2"
    },
    {
        "x": "76.5",
        "y": "10.3"
    },
    {
        "x": "77",
        "y": "10.4"
    },
    {
        "x": "77.5",
        "y": "10.5"
    },
    {
        "x": "78",
        "y": "10.6"
    },
    {
        "x": "78.5",
        "y": "10.7"
    },
    {
        "x": "79",
        "y": "10.8"
    },
    {
        "x": "79.5",
        "y": "10.9"
    },
    {
        "x": "80",
        "y": "11"
    },
    {
        "x": "80.5",
        "y": "11.2"
    },
    {
        "x": "81",
        "y": "11.3"
    },
    {
        "x": "81.5",
        "y": "11.4"
    },
    {
        "x": "82",
        "y": "11.5"
    },
    {
        "x": "82.5",
        "y": "11.6"
    },
    {
        "x": "83",
        "y": "11.8"
    },
    {
        "x": "83.5",
        "y": "11.9"
    },
    {
        "x": "84",
        "y": "12"
    },
    {
        "x": "84.5",
        "y": "12.1"
    },
    {
        "x": "85",
        "y": "12.3"
    },
    {
        "x": "85.5",
        "y": "12.4"
    },
    {
        "x": "86",
        "y": "12.6"
    },
    {
        "x": "86.5",
        "y": "12.7"
    },
    {
        "x": "87",
        "y": "12.8"
    },
    {
        "x": "87.5",
        "y": "13"
    },
    {
        "x": "88",
        "y": "13.1"
    },
    {
        "x": "88.5",
        "y": "13.2"
    },
    {
        "x": "89",
        "y": "13.4"
    },
    {
        "x": "89.5",
        "y": "13.5"
    },
    {
        "x": "90",
        "y": "13.7"
    },
    {
        "x": "90.5",
        "y": "13.8"
    },
    {
        "x": "91",
        "y": "13.9"
    },
    {
        "x": "91.5",
        "y": "14.1"
    },
    {
        "x": "92",
        "y": "14.2"
    },
    {
        "x": "92.5",
        "y": "14.3"
    },
    {
        "x": "93",
        "y": "14.5"
    },
    {
        "x": "93.5",
        "y": "14.6"
    },
    {
        "x": "94",
        "y": "14.7"
    },
    {
        "x": "94.5",
        "y": "14.9"
    },
    {
        "x": "95",
        "y": "15"
    },
    {
        "x": "95.5",
        "y": "15.2"
    },
    {
        "x": "96",
        "y": "15.3"
    },
    {
        "x": "96.5",
        "y": "15.4"
    },
    {
        "x": "97",
        "y": "15.6"
    },
    {
        "x": "97.5",
        "y": "15.7"
    },
    {
        "x": "98",
        "y": "15.9"
    },
    {
        "x": "98.5",
        "y": "16"
    },
    {
        "x": "99",
        "y": "16.2"
    },
    {
        "x": "99.5",
        "y": "16.3"
    },
    {
        "x": "100",
        "y": "16.5"
    },
    {
        "x": "100.5",
        "y": "16.6"
    },
    {
        "x": "101",
        "y": "16.8"
    },
    {
        "x": "101.5",
        "y": "17"
    },
    {
        "x": "102",
        "y": "17.1"
    },
    {
        "x": "102.5",
        "y": "17.3"
    },
    {
        "x": "103",
        "y": "17.5"
    },
    {
        "x": "103.5",
        "y": "17.6"
    },
    {
        "x": "104",
        "y": "17.8"
    },
    {
        "x": "104.5",
        "y": "18"
    },
    {
        "x": "105",
        "y": "18.2"
    },
    {
        "x": "105.5",
        "y": "18.4"
    },
    {
        "x": "106",
        "y": "18.5"
    },
    {
        "x": "106.5",
        "y": "18.7"
    },
    {
        "x": "107",
        "y": "18.9"
    },
    {
        "x": "107.5",
        "y": "19.1"
    },
    {
        "x": "108",
        "y": "19.3"
    },
    {
        "x": "108.5",
        "y": "19.5"
    },
    {
        "x": "109",
        "y": "19.7"
    },
    {
        "x": "109.5",
        "y": "20"
    },
    {
        "x": "110",
        "y": "20.2"
    }
]