[
    {
        "x": "0",
        "y": "2.1"
    },
    {
        "x": "1",
        "y": "2.2"
    },
    {
        "x": "2",
        "y": "2.4"
    },
    {
        "x": "3",
        "y": "2.6"
    },
    {
        "x": "4",
        "y": "2.9"
    },
    {
        "x": "5",
        "y": "3.1"
    },
    {
        "x": "6",
        "y": "3.3"
    },
    {
        "x": "7",
        "y": "3.5"
    },
    {
        "x": "8",
        "y": "3.7"
    },
    {
        "x": "9",
        "y": "3.8"
    },
    {
        "x": "10",
        "y": "4"
    },
    {
        "x": "11",
        "y": "4.2"
    },
    {
        "x": "12",
        "y": "4.3"
    },
    {
        "x": "13",
        "y": "4.4"
    }
]