[
    {
        "x": "0",
        "y": "3.9"
    },
    {
        "x": "1",
        "y": "4"
    },
    {
        "x": "2",
        "y": "4.3"
    },
    {
        "x": "3",
        "y": "4.7"
    },
    {
        "x": "4",
        "y": "5"
    },
    {
        "x": "5",
        "y": "5.3"
    },
    {
        "x": "6",
        "y": "5.6"
    },
    {
        "x": "7",
        "y": "5.9"
    },
    {
        "x": "8",
        "y": "6.1"
    },
    {
        "x": "9",
        "y": "6.4"
    },
    {
        "x": "10",
        "y": "6.6"
    },
    {
        "x": "11",
        "y": "6.8"
    },
    {
        "x": "12",
        "y": "7"
    },
    {
        "x": "13",
        "y": "7.2"
    }
]