[
    {
        "x": "0",
        "y": "5"
    },
    {
        "x": "1",
        "y": "5.3"
    },
    {
        "x": "2",
        "y": "5.6"
    },
    {
        "x": "3",
        "y": "6"
    },
    {
        "x": "4",
        "y": "6.4"
    },
    {
        "x": "5",
        "y": "6.8"
    },
    {
        "x": "6",
        "y": "7.2"
    },
    {
        "x": "7",
        "y": "7.5"
    },
    {
        "x": "8",
        "y": "7.8"
    },
    {
        "x": "9",
        "y": "8"
    },
    {
        "x": "10",
        "y": "8.3"
    },
    {
        "x": "11",
        "y": "8.5"
    },
    {
        "x": "12",
        "y": "8.8"
    },
    {
        "x": "13",
        "y": "9"
    }
]