[
    {
        "x": "0",
        "y": "4.4"
    },
    {
        "x": "1",
        "y": "4.6"
    },
    {
        "x": "2",
        "y": "4.9"
    },
    {
        "x": "3",
        "y": "5.3"
    },
    {
        "x": "4",
        "y": "5.7"
    },
    {
        "x": "5",
        "y": "6"
    },
    {
        "x": "6",
        "y": "6.3"
    },
    {
        "x": "7",
        "y": "6.6"
    },
    {
        "x": "8",
        "y": "6.9"
    },
    {
        "x": "9",
        "y": "7.2"
    },
    {
        "x": "10",
        "y": "7.4"
    },
    {
        "x": "11",
        "y": "7.6"
    },
    {
        "x": "12",
        "y": "7.8"
    },
    {
        "x": "13",
        "y": "8"
    }
]