[
    {
        "x": "0",
        "y": "3.3"
    },
    {
        "x": "1",
        "y": "3.5"
    },
    {
        "x": "2",
        "y": "3.8"
    },
    {
        "x": "3",
        "y": "4.1"
    },
    {
        "x": "4",
        "y": "4.4"
    },
    {
        "x": "5",
        "y": "4.7"
    },
    {
        "x": "6",
        "y": "4.9"
    },
    {
        "x": "7",
        "y": "5.2"
    },
    {
        "x": "8",
        "y": "5.4"
    },
    {
        "x": "9",
        "y": "5.6"
    },
    {
        "x": "10",
        "y": "5.8"
    },
    {
        "x": "11",
        "y": "6"
    },
    {
        "x": "12",
        "y": "6.2"
    },
    {
        "x": "13",
        "y": "6.4"
    }
]