[
    {
        "x": "0",
        "y": "4.2"
    },
    {
        "x": "1",
        "y": "4.4"
    },
    {
        "x": "2",
        "y": "4.7"
    },
    {
        "x": "3",
        "y": "5"
    },
    {
        "x": "4",
        "y": "5.4"
    },
    {
        "x": "5",
        "y": "5.7"
    },
    {
        "x": "6",
        "y": "6"
    },
    {
        "x": "7",
        "y": "6.2"
    },
    {
        "x": "8",
        "y": "6.5"
    },
    {
        "x": "9",
        "y": "6.7"
    },
    {
        "x": "10",
        "y": "6.9"
    },
    {
        "x": "11",
        "y": "7.1"
    },
    {
        "x": "12",
        "y": "7.3"
    },
    {
        "x": "13",
        "y": "7.5"
    }
]