[
    {
        "x": "0",
        "y": "3.2"
    },
    {
        "x": "1",
        "y": "3.3"
    },
    {
        "x": "2",
        "y": "3.6"
    },
    {
        "x": "3",
        "y": "3.8"
    },
    {
        "x": "4",
        "y": "4.1"
    },
    {
        "x": "5",
        "y": "4.3"
    },
    {
        "x": "6",
        "y": "4.6"
    },
    {
        "x": "7",
        "y": "4.8"
    },
    {
        "x": "8",
        "y": "5"
    },
    {
        "x": "9",
        "y": "5.2"
    },
    {
        "x": "10",
        "y": "5.4"
    },
    {
        "x": "11",
        "y": "5.5"
    },
    {
        "x": "12",
        "y": "5.7"
    },
    {
        "x": "13",
        "y": "5.8"
    }
]