[
    {
        "x": "0",
        "y": "4.8"
    },
    {
        "x": "1",
        "y": "5.1"
    },
    {
        "x": "2",
        "y": "5.4"
    },
    {
        "x": "3",
        "y": "5.7"
    },
    {
        "x": "4",
        "y": "6.1"
    },
    {
        "x": "5",
        "y": "6.5"
    },
    {
        "x": "6",
        "y": "6.8"
    },
    {
        "x": "7",
        "y": "7.1"
    },
    {
        "x": "8",
        "y": "7.3"
    },
    {
        "x": "9",
        "y": "7.6"
    },
    {
        "x": "10",
        "y": "7.8"
    },
    {
        "x": "11",
        "y": "8.1"
    },
    {
        "x": "12",
        "y": "8.3"
    },
    {
        "x": "13",
        "y": "8.5"
    }
]