[
    {
        "x": "0",
        "y": "3.7"
    },
    {
        "x": "1",
        "y": "3.9"
    },
    {
        "x": "2",
        "y": "4.1"
    },
    {
        "x": "3",
        "y": "4.4"
    },
    {
        "x": "4",
        "y": "4.7"
    },
    {
        "x": "5",
        "y": "5"
    },
    {
        "x": "6",
        "y": "5.2"
    },
    {
        "x": "7",
        "y": "5.5"
    },
    {
        "x": "8",
        "y": "5.7"
    },
    {
        "x": "9",
        "y": "5.9"
    },
    {
        "x": "10",
        "y": "6.1"
    },
    {
        "x": "11",
        "y": "6.3"
    },
    {
        "x": "12",
        "y": "6.5"
    },
    {
        "x": "13",
        "y": "6.6"
    }
]