[
    {
        "x": "0",
        "y": "51"
    },
    {
        "x": "1",
        "y": "52.2"
    },
    {
        "x": "2",
        "y": "53.4"
    },
    {
        "x": "3",
        "y": "54.4"
    },
    {
        "x": "4",
        "y": "55.3"
    },
    {
        "x": "5",
        "y": "56.2"
    },
    {
        "x": "6",
        "y": "57.1"
    },
    {
        "x": "7",
        "y": "57.8"
    },
    {
        "x": "8",
        "y": "58.6"
    },
    {
        "x": "9",
        "y": "59.3"
    },
    {
        "x": "10",
        "y": "60"
    },
    {
        "x": "11",
        "y": "60.7"
    },
    {
        "x": "12",
        "y": "61.3"
    },
    {
        "x": "13",
        "y": "61.9"
    }
]