[
    {
        "x": "0",
        "y": "43.6"
    },
    {
        "x": "1",
        "y": "44.7"
    },
    {
        "x": "2",
        "y": "45.8"
    },
    {
        "x": "3",
        "y": "46.7"
    },
    {
        "x": "4",
        "y": "47.5"
    },
    {
        "x": "5",
        "y": "48.3"
    },
    {
        "x": "6",
        "y": "49.1"
    },
    {
        "x": "7",
        "y": "49.8"
    },
    {
        "x": "8",
        "y": "50.5"
    },
    {
        "x": "9",
        "y": "51.2"
    },
    {
        "x": "10",
        "y": "51.8"
    },
    {
        "x": "11",
        "y": "52.4"
    },
    {
        "x": "12",
        "y": "52.9"
    },
    {
        "x": "13",
        "y": "53.5"
    }
]