[
    {
        "x": "0",
        "y": "45.4"
    },
    {
        "x": "1",
        "y": "46.6"
    },
    {
        "x": "2",
        "y": "47.7"
    },
    {
        "x": "3",
        "y": "48.6"
    },
    {
        "x": "4",
        "y": "49.5"
    },
    {
        "x": "5",
        "y": "50.3"
    },
    {
        "x": "6",
        "y": "51.1"
    },
    {
        "x": "7",
        "y": "51.8"
    },
    {
        "x": "8",
        "y": "52.5"
    },
    {
        "x": "9",
        "y": "53.2"
    },
    {
        "x": "10",
        "y": "53.8"
    },
    {
        "x": "11",
        "y": "54.4"
    },
    {
        "x": "12",
        "y": "55"
    },
    {
        "x": "13",
        "y": "55.6"
    }
]