[
    {
        "x": "0",
        "y": "49.1"
    },
    {
        "x": "1",
        "y": "50.3"
    },
    {
        "x": "2",
        "y": "51.5"
    },
    {
        "x": "3",
        "y": "52.5"
    },
    {
        "x": "4",
        "y": "53.4"
    },
    {
        "x": "5",
        "y": "54.2"
    },
    {
        "x": "6",
        "y": "55.1"
    },
    {
        "x": "7",
        "y": "55.8"
    },
    {
        "x": "8",
        "y": "56.6"
    },
    {
        "x": "9",
        "y": "57.3"
    },
    {
        "x": "10",
        "y": "57.9"
    },
    {
        "x": "11",
        "y": "58.6"
    },
    {
        "x": "12",
        "y": "59.2"
    },
    {
        "x": "13",
        "y": "59.8"
    }
]