[
    {
        "x": "0",
        "y": "44.2"
    },
    {
        "x": "1",
        "y": "45.4"
    },
    {
        "x": "2",
        "y": "46.6"
    },
    {
        "x": "3",
        "y": "47.6"
    },
    {
        "x": "4",
        "y": "48.6"
    },
    {
        "x": "5",
        "y": "49.5"
    },
    {
        "x": "6",
        "y": "50.3"
    },
    {
        "x": "7",
        "y": "51.1"
    },
    {
        "x": "8",
        "y": "51.9"
    },
    {
        "x": "9",
        "y": "52.6"
    },
    {
        "x": "10",
        "y": "53.3"
    },
    {
        "x": "11",
        "y": "54"
    },
    {
        "x": "12",
        "y": "54.7"
    },
    {
        "x": "13",
        "y": "55.3"
    }
]