[
    {
        "x": "0",
        "y": "55.6"
    },
    {
        "x": "1",
        "y": "56.8"
    },
    {
        "x": "2",
        "y": "58.1"
    },
    {
        "x": "3",
        "y": "59.2"
    },
    {
        "x": "4",
        "y": "60.2"
    },
    {
        "x": "5",
        "y": "61.2"
    },
    {
        "x": "6",
        "y": "62.1"
    },
    {
        "x": "7",
        "y": "63"
    },
    {
        "x": "8",
        "y": "63.9"
    },
    {
        "x": "9",
        "y": "64.7"
    },
    {
        "x": "10",
        "y": "65.4"
    },
    {
        "x": "11",
        "y": "66.2"
    },
    {
        "x": "12",
        "y": "66.9"
    },
    {
        "x": "13",
        "y": "67.5"
    }
]