[
    {
        "x": "0",
        "y": "49.9"
    },
    {
        "x": "1",
        "y": "51.1"
    },
    {
        "x": "2",
        "y": "52.3"
    },
    {
        "x": "3",
        "y": "53.4"
    },
    {
        "x": "4",
        "y": "54.4"
    },
    {
        "x": "5",
        "y": "55.3"
    },
    {
        "x": "6",
        "y": "56.2"
    },
    {
        "x": "7",
        "y": "57.1"
    },
    {
        "x": "8",
        "y": "57.9"
    },
    {
        "x": "9",
        "y": "58.7"
    },
    {
        "x": "10",
        "y": "59.4"
    },
    {
        "x": "11",
        "y": "60.1"
    },
    {
        "x": "12",
        "y": "60.8"
    },
    {
        "x": "13",
        "y": "61.4"
    }
]