[
    {
        "x": "0",
        "y": "48"
    },
    {
        "x": "1",
        "y": "49.2"
    },
    {
        "x": "2",
        "y": "50.4"
    },
    {
        "x": "3",
        "y": "51.5"
    },
    {
        "x": "4",
        "y": "52.4"
    },
    {
        "x": "5",
        "y": "53.4"
    },
    {
        "x": "6",
        "y": "54.3"
    },
    {
        "x": "7",
        "y": "55.1"
    },
    {
        "x": "8",
        "y": "55.9"
    },
    {
        "x": "9",
        "y": "56.6"
    },
    {
        "x": "10",
        "y": "57.4"
    },
    {
        "x": "11",
        "y": "58.1"
    },
    {
        "x": "12",
        "y": "58.7"
    },
    {
        "x": "13",
        "y": "59.4"
    }
]