[
    {
        "x": "0",
        "y": "51.8"
    },
    {
        "x": "1",
        "y": "53"
    },
    {
        "x": "2",
        "y": "54.3"
    },
    {
        "x": "3",
        "y": "55.3"
    },
    {
        "x": "4",
        "y": "56.3"
    },
    {
        "x": "5",
        "y": "57.3"
    },
    {
        "x": "6",
        "y": "58.2"
    },
    {
        "x": "7",
        "y": "59.1"
    },
    {
        "x": "8",
        "y": "59.9"
    },
    {
        "x": "9",
        "y": "60.7"
    },
    {
        "x": "10",
        "y": "61.4"
    },
    {
        "x": "11",
        "y": "62.1"
    },
    {
        "x": "12",
        "y": "62.8"
    },
    {
        "x": "13",
        "y": "63.4"
    }
]