[
    {
        "x": "0",
        "y": "53.7"
    },
    {
        "x": "1",
        "y": "54.9"
    },
    {
        "x": "2",
        "y": "56.2"
    },
    {
        "x": "3",
        "y": "57.2"
    },
    {
        "x": "4",
        "y": "58.3"
    },
    {
        "x": "5",
        "y": "59.2"
    },
    {
        "x": "6",
        "y": "60.2"
    },
    {
        "x": "7",
        "y": "61"
    },
    {
        "x": "8",
        "y": "61.9"
    },
    {
        "x": "9",
        "y": "62.7"
    },
    {
        "x": "10",
        "y": "63.4"
    },
    {
        "x": "11",
        "y": "64.1"
    },
    {
        "x": "12",
        "y": "64.8"
    },
    {
        "x": "13",
        "y": "65.5"
    }
]