[
    {
        "x": "0",
        "y": "46.1"
    },
    {
        "x": "1",
        "y": "47.3"
    },
    {
        "x": "2",
        "y": "48.5"
    },
    {
        "x": "3",
        "y": "49.5"
    },
    {
        "x": "4",
        "y": "50.5"
    },
    {
        "x": "5",
        "y": "51.4"
    },
    {
        "x": "6",
        "y": "52.3"
    },
    {
        "x": "7",
        "y": "53.1"
    },
    {
        "x": "8",
        "y": "53.9"
    },
    {
        "x": "9",
        "y": "54.6"
    },
    {
        "x": "10",
        "y": "55.4"
    },
    {
        "x": "11",
        "y": "56"
    },
    {
        "x": "12",
        "y": "56.7"
    },
    {
        "x": "13",
        "y": "57.3"
    }
]